{
    "prepare_queue": {
        "installed": [],
        "uninstalled": []
    },
    "config_munge": {
        "files": {
            "res/xml/config.xml": {
                "parents": {
                    "/*": [
                        {
                            "xml": "<feature name=\"Whitelist\"><param name=\"android-package\" value=\"org.apache.cordova.whitelist.WhitelistPlugin\" /><param name=\"onload\" value=\"true\" /></feature>",
                            "count": 1
                        },
                        {
                            "xml": "<feature name=\"TTPlug\"><param name=\"android-package\" value=\"kr.yjc.wdb.TTPlug\" /></feature>",
                            "count": 1
                        }
                    ]
                }
            }
        }
    },
    "installed_plugins": {
        "cordova-plugin-whitelist": {
            "PACKAGE_NAME": "kr.yjc.wd3"
        },
        "kr.yjc.wdb": {
            "PACKAGE_NAME": "kr.yjc.wd3"
        }
    },
    "dependent_plugins": {},
    "modules": [
        {
            "id": "kr.yjc.wdb.test",
            "file": "plugins/kr.yjc.wdb/www/TestPlugin.js",
            "pluginId": "kr.yjc.wdb",
            "clobbers": [
                "test"
            ]
        }
    ],
    "plugin_metadata": {
        "cordova-plugin-whitelist": "1.3.2",
        "kr.yjc.wdb": "0.0.1"
    }
}